Code,Student
1,900000
2,900000
3,900000
4,900000
5,900000
6,900000
7,900000
8,900000
9,900000
10,900000
11,900000
12,900000
13,900000
14,900000
15,900000
16,900001
17,900001
18,900001
19,900001
20,900001
21,900001
22,900001
23,900001
24,900001
25,900001
26,900001
27,900001
28,900001
29,900001
30,900001
1,900002
2,900002
3,900002
4,900002
5,900002
6,900003
7,900003
8,900003
9,900003
10,900003
11,900004
12,900004
13,900004
14,900004
15,900004
16,900004
17,900005
18,900006
19,900007
20,900008
21,900009
22,900010
23,900011
24,900012
25,900013
26,900014
27,900015
28,900016
29,900017
30,900018
1,900005
2,900006
3,900007
4,900008
5,900009
6,900010
7,900011
8,900012
9,900013
10,900014
11,900015
12,900016
13,900017
14,900018
15,900019
16,900020
17,900021
18,900022
19,900001
20,900002
21,900003
22,900004
23,900007
24,900008
25,900009
26,900010
27,900011
28,900012
29,900013
30,900014
